Country Name,Country Code,Series Name,Series Code,1960 [YR1960],1961 [YR1961],1962 [YR1962],1963 [YR1963],1964 [YR1964],1965 [YR1965],1966 [YR1966],1967 [YR1967],1968 [YR1968],1969 [YR1969],1970 [YR1970],1971 [YR1971],1972 [YR1972],1973 [YR1973],1974 [YR1974],1975 [YR1975],1976 [YR1976],1977 [YR1977],1978 [YR1978],1979 [YR1979],1980 [YR1980],1981 [YR1981],1982 [YR1982],1983 [YR1983],1984 [YR1984],1985 [YR1985],1986 [YR1986],1987 [YR1987],1988 [YR1988],1989 [YR1989],1990 [YR1990],1991 [YR1991],1992 [YR1992],1993 [YR1993],1994 [YR1994],1995 [YR1995],1996 [YR1996],1997 [YR1997],1998 [YR1998],1999 [YR1999],2000 [YR2000],2001 [YR2001],2002 [YR2002],2003 [YR2003],2004 [YR2004],2005 [YR2005],2006 [YR2006],2007 [YR2007],2008 [YR2008],2009 [YR2009],2010 [YR2010],2011 [YR2011],2012 [YR2012],2013 [YR2013],2014 [YR2014],2015 [YR2015],2016 [YR2016],2017 [YR2017],2018 [YR2018],2019 [YR2019]
Angola,AGO,"Mortality rate, adult, female (per 1,000 female adults)",SP.DYN.AMRT.FE,498.232,494.482,490.731,486.126,481.521,476.916,472.311,467.705,463.195,458.685,454.175,449.665,445.154,440.734,436.313,431.892,427.472,423.051,420.438,417.826,415.213,412.6,409.988,408.481,406.975,405.468,403.962,402.455,400.316,398.178,396.039,393.9,391.762,386.523,381.283,376.044,370.805,365.566,355.259,344.953,334.646,324.339,314.033,303.361,292.69,282.019,271.347,260.676,251.656,242.637,233.617,224.597,215.577,212.458,209.339,206.219,203.1,199.981,..,..
Angola,AGO,"Mortality rate, adult, male (per 1,000 male adults)",SP.DYN.AMRT.MA,561.897,558.226,554.556,549.975,545.395,540.814,536.234,531.653,526.909,522.165,517.421,512.676,507.932,503.498,499.065,494.631,490.197,485.763,484.378,482.993,481.607,480.222,478.837,477.686,476.535,475.385,474.234,473.083,471.936,470.789,469.641,468.494,467.347,461.699,456.052,450.405,444.757,439.11,428.812,418.515,408.217,397.919,387.622,376.772,365.922,355.073,344.223,333.373,324.524,315.675,306.825,297.976,289.127,285.989,282.85,279.712,276.573,273.435,..,..
Benin,BEN,"Mortality rate, adult, female (per 1,000 female adults)",SP.DYN.AMRT.FE,463.376,457.518,451.66,443.165,434.671,426.176,417.682,409.187,399.013,388.839,378.664,368.49,358.315,350.637,342.959,335.281,327.603,319.925,315.611,311.296,306.981,302.666,298.352,290.38,282.407,274.435,266.463,258.491,253.919,249.346,244.773,240.201,235.628,239.82,244.013,248.205,252.398,256.59,256.818,257.046,257.273,257.501,257.729,253.713,249.696,245.68,241.664,237.648,235.644,233.641,231.638,229.635,227.631,224.952,222.272,219.592,216.912,214.232,..,..
Benin,BEN,"Mortality rate, adult, male (per 1,000 male adults)",SP.DYN.AMRT.MA,473.237,469.18,465.122,461.133,457.143,453.154,449.164,445.175,442.137,439.099,436.061,433.023,429.986,427.169,424.352,421.535,418.718,415.901,413.308,410.716,408.123,405.531,402.938,391.017,379.096,367.175,355.255,343.334,333.244,323.154,313.065,302.975,292.885,298.047,303.209,308.371,313.533,318.695,317.305,315.915,314.525,313.135,311.746,306.42,301.095,295.77,290.445,285.12,283.036,280.953,278.869,276.786,274.702,271.907,269.111,266.315,263.52,260.724,..,..
Botswana,BWA,"Mortality rate, adult, female (per 1,000 female adults)",SP.DYN.AMRT.FE,333.543,329.999,326.454,322.924,319.394,315.863,312.333,308.803,302.962,297.121,291.281,285.44,279.6,272.488,265.377,258.266,251.154,244.043,238.85,233.658,228.465,223.272,218.08,216.522,214.965,213.407,211.85,210.293,221.634,232.976,244.318,255.66,267.002,305.437,343.872,382.307,420.743,459.178,475.186,491.194,507.203,523.211,539.22,509.391,479.562,449.733,419.904,390.075,360.343,330.611,300.88,271.148,241.416,225.82,210.225,194.629,179.033,163.438,..,..
Botswana,BWA,"Mortality rate, adult, male (per 1,000 male adults)",SP.DYN.AMRT.MA,398.717,394.412,390.107,386.096,382.085,378.074,374.063,370.052,364.196,358.341,352.486,346.63,340.775,333.724,326.672,319.621,312.57,305.519,300.136,294.753,289.37,283.987,278.604,279.099,279.594,280.089,280.584,281.079,299.803,318.526,337.25,355.974,374.698,416.661,458.625,500.589,542.552,584.516,594.964,605.413,615.861,626.31,636.758,606.848,576.937,547.027,517.116,487.206,465.814,444.422,423.03,401.638,380.246,354.351,328.456,302.561,276.666,250.771,..,..
Burkina Faso,BFA,"Mortality rate, adult, female (per 1,000 female adults)",SP.DYN.AMRT.FE,463.647,457.826,452.005,446.67,441.335,436,430.666,425.331,419.361,413.392,407.422,401.452,395.482,387.634,379.786,371.938,364.09,356.242,342.565,328.887,315.209,301.532,287.854,287.98,288.106,288.232,288.358,288.484,291.052,293.621,296.19,298.758,301.327,301.388,301.45,301.511,301.572,301.633,300.614,299.594,298.574,297.554,296.534,293.009,289.484,285.958,282.433,278.907,274.547,270.186,265.826,261.466,257.105,252.233,247.36,242.487,237.615,232.742,..,..
Burkina Faso,BFA,"Mortality rate, adult, male (per 1,000 male adults)",SP.DYN.AMRT.MA,543.058,536.847,530.636,524.746,518.855,512.965,507.074,501.183,494.945,488.707,482.469,476.231,469.993,461.204,452.414,443.625,434.836,426.047,410.306,394.566,378.825,363.084,347.344,346.792,346.24,345.688,345.136,344.584,347.923,351.262,354.602,357.941,361.28,363.839,366.398,368.957,371.516,374.075,369.035,363.995,358.956,353.916,348.876,341.156,333.435,325.715,317.995,310.275,305.532,300.79,296.047,291.305,286.562,282.184,277.806,273.429,269.051,264.673,..,..
Burundi,BDI,"Mortality rate, adult, female (per 1,000 female adults)",SP.DYN.AMRT.FE,407.843,404.56,401.276,398.058,394.839,391.621,388.403,385.185,383.697,382.209,380.721,379.233,377.745,373.269,368.793,364.317,359.841,355.365,352.128,348.891,345.654,342.417,339.18,337.022,334.863,332.705,330.546,328.388,332.267,336.147,340.026,343.905,347.785,343.315,338.846,334.376,329.906,325.437,326.343,327.248,328.154,329.06,329.966,327,324.034,321.068,318.103,315.137,307.511,299.885,292.259,284.633,277.007,273.074,269.141,265.208,261.275,257.341,..,..
Burundi,BDI,"Mortality rate, adult, male (per 1,000 male adults)",SP.DYN.AMRT.MA,469.175,465.763,462.35,459.006,455.661,452.317,448.973,445.628,444.056,442.484,440.912,439.34,437.768,432.895,428.023,423.151,418.279,413.407,410.604,407.801,404.999,402.196,399.394,397.122,394.85,392.578,390.306,388.034,391.536,395.039,398.541,402.043,405.546,400.644,395.742,390.841,385.939,381.037,381.319,381.601,381.883,382.164,382.446,379.054,375.662,372.271,368.879,365.487,359.547,353.606,347.666,341.726,335.786,331.579,327.373,323.166,318.96,314.753,..,..
Cabo Verde,CPV,"Mortality rate, adult, female (per 1,000 female adults)",SP.DYN.AMRT.FE,355.242,353.785,352.327,346.271,340.214,334.158,328.101,322.045,315.962,309.878,303.794,297.711,291.627,280.435,269.242,258.05,246.857,235.664,231.81,227.956,224.102,220.248,216.393,212.793,209.192,205.592,201.991,198.391,195.034,191.677,188.32,184.963,181.606,176.931,172.256,167.581,162.906,158.23,150.84,143.449,136.058,128.667,121.276,119.991,118.707,117.422,116.138,114.853,113.696,112.539,111.383,110.226,109.069,106.861,104.653,102.445,100.238,98.03,..,..
Cabo Verde,CPV,"Mortality rate, adult, male (per 1,000 male adults)",SP.DYN.AMRT.MA,409.786,408.487,407.188,400.818,394.448,388.078,381.708,375.338,369.287,363.235,357.183,351.132,345.08,333.412,321.745,310.077,298.409,286.742,282.568,278.395,274.222,270.048,265.875,261.919,257.963,254.007,250.051,246.095,242.457,238.819,235.181,231.542,227.904,222.764,217.623,212.482,207.342,202.201,194.184,186.167,178.15,170.132,162.115,161.057,159.999,158.94,157.882,156.824,156.329,155.834,155.338,154.843,154.348,152.183,150.018,147.853,145.688,143.523,..,..
Cameroon,CMR,"Mortality rate, adult, female (per 1,000 female adults)",SP.DYN.AMRT.FE,406.593,401.794,396.995,392.417,387.838,383.26,378.681,374.103,368.647,363.192,357.737,352.281,346.826,341.924,337.023,332.121,327.22,322.318,318.578,314.837,311.096,307.356,303.615,303.786,303.956,304.127,304.297,304.468,312.074,319.68,327.286,334.892,342.498,353.034,363.569,374.105,384.64,395.176,395.723,396.27,396.817,397.364,397.911,390.25,382.59,374.929,367.269,359.608,354.788,349.967,345.146,340.325,335.504,331.877,328.25,324.623,320.996,317.369,..,..
Cameroon,CMR,"Mortality rate, adult, male (per 1,000 male adults)",SP.DYN.AMRT.MA,462.007,456.931,451.855,446.984,442.112,437.241,432.37,427.499,422.539,417.58,412.621,407.661,402.702,397.668,392.634,387.6,382.566,377.532,373.858,370.185,366.511,362.838,359.165,359.351,359.538,359.725,359.912,360.099,366.272,372.445,378.617,384.79,390.963,398.725,406.488,414.25,422.012,429.775,428.301,426.827,425.353,423.879,422.405,414.569,406.732,398.896,391.059,383.222,382.114,381.006,379.897,378.789,377.681,370.33,362.98,355.63,348.28,340.93,..,..
Central African Republic,CAF,"Mortality rate, adult, female (per 1,000 female adults)",SP.DYN.AMRT.FE,459.198,454.304,449.41,443.438,437.466,431.494,425.522,419.55,411.105,402.661,394.216,385.772,377.327,369.735,362.143,354.551,346.959,339.367,335.41,331.452,327.495,323.538,319.581,322.049,324.518,326.986,329.455,331.923,343.938,355.954,367.969,379.984,392,411.212,430.425,449.638,468.85,488.063,499.608,511.153,522.699,534.244,545.789,536.029,526.269,516.509,506.749,496.99,485.963,474.936,463.91,452.883,441.856,426.381,410.905,395.429,379.954,364.478,..,..
Central African Republic,CAF,"Mortality rate, adult, male (per 1,000 male adults)",SP.DYN.AMRT.MA,523.5,518.782,514.064,508.265,502.466,496.667,490.868,485.069,477.001,468.933,460.865,452.796,444.728,437.005,429.282,421.558,413.835,406.112,403.009,399.906,396.803,393.699,390.596,392.504,394.413,396.321,398.229,400.137,409.147,418.158,427.168,436.178,445.189,459.316,473.443,487.57,501.697,515.824,523.973,532.121,540.27,548.418,556.566,548.023,539.48,530.937,522.394,513.851,503.974,494.097,484.22,474.343,464.465,451.884,439.302,426.72,414.138,401.556,..,..
Chad,TCD,"Mortality rate, adult, female (per 1,000 female adults)",SP.DYN.AMRT.FE,437.719,435.791,433.862,431.815,429.768,427.722,425.675,423.628,418.594,413.561,408.528,403.495,398.461,396.066,393.671,391.276,388.88,386.485,383.418,380.351,377.284,374.217,371.15,369.438,367.725,366.013,364.3,362.588,363.011,363.434,363.857,364.28,364.703,366.698,368.694,370.689,372.685,374.68,378.765,382.849,386.934,391.018,395.103,392.446,389.789,387.132,384.475,381.818,375.61,369.402,363.194,356.986,350.778,347.697,344.617,341.536,338.456,335.375,..,..
Chad,TCD,"Mortality rate, adult, male (per 1,000 male adults)",SP.DYN.AMRT.MA,512.034,507.884,503.733,499.287,494.842,490.396,485.95,481.504,475.87,470.236,464.601,458.967,453.333,449.41,445.487,441.564,437.642,433.719,430.932,428.146,425.359,422.573,419.786,417.924,416.062,414.201,412.339,410.477,411.439,412.401,413.363,414.324,415.286,416.459,417.633,418.806,419.979,421.153,423.118,425.083,427.049,429.014,430.979,427.802,424.625,421.448,418.27,415.093,410.445,405.797,401.149,396.501,391.853,389.501,387.149,384.798,382.446,380.094,..,..
Comoros,COM,"Mortality rate, adult, female (per 1,000 female adults)",SP.DYN.AMRT.FE,434.152,429.564,424.976,420.452,415.929,411.405,406.882,402.358,396.63,390.901,385.173,379.445,373.716,369.207,364.697,360.187,355.677,351.167,344.966,338.765,332.564,326.363,320.162,313.952,307.741,301.531,295.321,289.11,283.862,278.614,273.366,268.117,262.869,259.834,256.799,253.764,250.73,247.695,246.887,246.08,245.272,244.465,243.657,240.993,238.329,235.665,233.001,230.336,226.214,222.091,217.968,213.845,209.722,207.13,204.538,201.945,199.353,196.761,..,..
Comoros,COM,"Mortality rate, adult, male (per 1,000 male adults)",SP.DYN.AMRT.MA,499.881,494.99,490.1,485.254,480.408,475.562,470.716,465.87,460.702,455.534,450.366,445.198,440.031,435.123,430.214,425.306,420.398,415.49,408.204,400.918,393.632,386.346,379.06,372.27,365.48,358.69,351.901,345.111,339.324,333.537,327.75,321.964,316.177,312.786,309.396,306.005,302.614,299.223,298.634,298.044,297.454,296.865,296.275,293.306,290.336,287.366,284.397,281.427,277.131,272.834,268.538,264.241,259.945,257.497,255.05,252.602,250.154,247.707,..,..
"Congo, Dem. Rep.",COD,"Mortality rate, adult, female (per 1,000 female adults)",SP.DYN.AMRT.FE,412.563,410.212,407.86,404.932,402.004,399.075,396.147,393.219,389.444,385.67,381.895,378.121,374.346,372.546,370.746,368.947,367.147,365.347,362.438,359.529,356.62,353.712,350.803,348.689,346.574,344.46,342.346,340.232,337.731,335.23,332.729,330.229,327.728,328.994,330.26,331.526,332.792,334.059,328.605,323.151,317.698,312.244,306.79,299.976,293.161,286.347,279.532,272.718,267.802,262.887,257.971,253.056,248.14,243.991,239.841,235.692,231.543,227.393,..,..
"Congo, Dem. Rep.",COD,"Mortality rate, adult, male (per 1,000 male adults)",SP.DYN.AMRT.MA,470.331,467.852,465.373,462.292,459.212,456.131,453.05,449.97,445.963,441.956,437.949,433.942,429.935,428.017,426.099,424.181,422.263,420.345,417.23,414.115,411,407.885,404.77,402.674,400.578,398.482,396.386,394.29,391.719,389.147,386.576,384.004,381.433,382.767,384.1,385.434,386.767,388.101,382.336,376.571,370.806,365.04,359.275,352.011,344.746,337.481,330.217,322.952,317.672,312.393,307.113,301.834,296.554,292.488,288.421,284.355,280.288,276.222,..,..
"Congo, Rep.",COG,"Mortality rate, adult, female (per 1,000 female adults)",SP.DYN.AMRT.FE,336.223,329.647,323.07,318.392,313.715,309.038,304.36,299.683,296.843,294.003,291.164,288.324,285.484,282.988,280.491,277.994,275.498,273.001,271.088,269.176,267.263,265.35,263.437,266.122,268.806,271.49,274.175,276.859,287.516,298.172,308.829,319.486,330.142,343.86,357.579,371.297,385.015,398.733,401.818,404.903,407.987,411.072,414.157,397.815,381.473,365.131,348.789,332.447,319.263,306.078,292.894,279.709,266.525,259.175,251.826,244.476,237.127,229.777,..,..
"Congo, Rep.",COG,"Mortality rate, adult, male (per 1,000 male adults)",SP.DYN.AMRT.MA,386.669,380.665,374.66,370.423,366.186,361.948,357.711,353.474,349.982,346.49,342.998,339.506,336.014,333.403,330.793,328.182,325.572,322.961,321.116,319.271,317.427,315.582,313.737,316.271,318.805,321.339,323.873,326.407,335.289,344.171,353.053,361.935,370.816,381.284,391.752,402.219,412.687,423.154,424.688,426.221,427.754,429.288,430.821,415.589,400.358,385.126,369.894,354.662,344.187,333.711,323.236,312.76,302.285,294.847,287.41,279.972,272.535,265.097,..,..
Cote d'Ivoire,CIV,"Mortality rate, adult, female (per 1,000 female adults)",SP.DYN.AMRT.FE,431.064,426.953,422.842,419.893,416.944,413.995,411.046,408.097,398.08,388.062,378.044,368.027,358.009,351.432,344.855,338.277,331.7,325.123,320.496,315.869,311.242,306.615,301.989,299.748,297.508,295.267,293.027,290.786,297.031,303.276,309.52,315.765,322.01,343.424,364.838,386.252,407.666,429.08,433.278,437.476,441.673,445.871,450.069,443.194,436.319,429.445,422.57,415.695,411.779,407.864,403.948,400.032,396.117,389.765,383.414,377.062,370.711,364.359,..,..
Cote d'Ivoire,CIV,"Mortality rate, adult, male (per 1,000 male adults)",SP.DYN.AMRT.MA,480.763,476.879,472.996,470.643,468.29,465.937,463.584,461.231,453.135,445.039,436.942,428.846,420.75,414.033,407.316,400.6,393.883,387.166,382.785,378.404,374.023,369.642,365.261,362.99,360.719,358.448,356.178,353.907,360.203,366.498,372.794,379.09,385.386,397.332,409.279,421.225,433.172,445.118,453.627,462.136,470.644,479.153,487.662,479.219,470.776,462.333,453.89,445.448,442.43,439.412,436.395,433.377,430.359,425.524,420.689,415.854,411.019,406.184,..,..
Equatorial Guinea,GNQ,"Mortality rate, adult, female (per 1,000 female adults)",SP.DYN.AMRT.FE,458.259,454.845,451.431,448.043,444.655,441.267,437.879,434.491,431.16,427.829,424.498,421.168,417.837,414.509,411.181,407.853,404.525,401.197,393.773,386.348,378.923,371.498,364.073,360.899,357.725,354.55,351.376,348.202,344.129,340.055,335.982,331.909,327.835,324.266,320.698,317.129,313.56,309.992,309.913,309.835,309.757,309.678,309.6,311.416,313.231,315.047,316.862,318.678,315.295,311.913,308.53,305.148,301.765,304.081,306.397,308.714,311.03,313.346,..,..
Equatorial Guinea,GNQ,"Mortality rate, adult, male (per 1,000 male adults)",SP.DYN.AMRT.MA,520.91,517.369,513.828,510.348,506.868,503.389,499.909,496.429,492.88,489.332,485.783,482.234,478.685,475.255,471.825,468.395,464.965,461.535,453.788,446.041,438.294,430.547,422.8,419.239,415.679,412.118,408.557,404.997,400.989,396.981,392.973,388.965,384.958,380.463,375.969,371.474,366.98,362.486,360.554,358.622,356.69,354.758,352.826,353.282,353.738,354.194,354.65,355.107,353.751,352.395,351.039,349.683,348.328,348.516,348.704,348.893,349.081,349.269,..,..
Eritrea,ERI,"Mortality rate, adult, female (per 1,000 female adults)",SP.DYN.AMRT.FE,438.5,430.615,422.729,418.245,413.761,409.277,404.793,400.31,398.248,396.186,394.124,392.062,390,387.907,385.814,383.722,381.629,379.536,378.029,376.522,375.015,373.508,372,370.477,368.954,367.431,365.907,364.384,362.259,360.134,358.009,355.884,353.759,351.468,349.176,346.885,344.594,342.302,340.496,338.691,336.885,335.08,333.274,322.235,311.196,300.157,289.118,278.079,269.93,261.781,253.632,245.483,237.334,231.207,225.08,218.953,212.826,206.699,..,..
Eritrea,ERI,"Mortality rate, adult, male (per 1,000 male adults)",SP.DYN.AMRT.MA,499.057,491.373,483.689,478.969,474.249,469.528,464.808,460.088,457.071,454.053,451.036,448.019,445.001,441.913,438.825,435.736,432.648,429.559,427.647,425.736,423.824,421.912,420,418.06,416.121,414.181,412.242,410.302,408.334,406.365,404.397,402.428,400.46,399.086,397.712,396.338,394.964,393.59,397.069,400.547,404.025,407.504,410.982,398.13,385.277,372.425,359.573,346.72,339.521,332.321,325.122,317.923,310.724,304.685,298.647,292.609,286.57,280.532,..,..
Eswatini,SWZ,"Mortality rate, adult, female (per 1,000 female adults)",SP.DYN.AMRT.FE,398.222,394.746,391.271,387.75,384.229,380.708,377.188,373.667,367.745,361.824,355.903,349.982,344.06,338.098,332.137,326.175,320.213,314.251,306.799,299.347,291.894,284.442,276.99,269.379,261.768,254.157,246.546,238.935,241.563,244.191,246.819,249.447,252.075,282.922,313.77,344.617,375.465,406.312,440.402,474.493,508.583,542.673,576.764,567.525,558.287,549.049,539.811,530.573,500.453,470.332,440.212,410.092,379.971,374.025,368.078,362.131,356.184,350.238,..,..
Eswatini,SWZ,"Mortality rate, adult, male (per 1,000 male adults)",SP.DYN.AMRT.MA,472.433,468.611,464.788,460.85,456.912,452.975,449.037,445.099,438.706,432.312,425.919,419.526,413.133,406.424,399.714,393.005,386.296,379.586,371.756,363.926,356.095,348.265,340.435,332.777,325.119,317.461,309.803,302.145,307.807,313.468,319.13,324.791,330.453,367.475,404.497,441.52,478.542,515.564,546.973,578.381,609.79,641.198,672.606,663.891,655.175,646.46,637.744,629.029,611.152,593.275,575.398,557.52,539.643,528.933,518.222,507.511,496.8,486.09,..,..
Ethiopia,ETH,"Mortality rate, adult, female (per 1,000 female adults)",SP.DYN.AMRT.FE,438.492,430.607,422.722,418.24,413.758,409.275,404.793,400.311,397.39,394.47,391.55,388.63,385.71,384.148,382.585,381.023,379.46,377.898,379.607,381.317,383.027,384.736,386.446,381.237,376.028,370.819,365.61,360.401,358.818,357.234,355.651,354.068,352.484,354.871,357.258,359.644,362.031,364.417,364.79,365.164,365.537,365.911,366.284,350.161,334.037,317.914,301.791,285.668,271.318,256.968,242.618,228.269,213.919,208.843,203.767,198.692,193.616,188.54,..,..
Ethiopia,ETH,"Mortality rate, adult, male (per 1,000 male adults)",SP.DYN.AMRT.MA,499.054,491.369,483.683,478.963,474.243,469.523,464.803,460.083,456.832,453.581,450.33,447.079,443.828,442.125,440.422,438.719,437.015,435.312,436.97,438.629,440.287,441.945,443.603,438.296,432.988,427.68,422.372,417.064,415.954,414.844,413.734,412.624,411.514,412.38,413.245,414.111,414.976,415.842,413.518,411.194,408.87,406.546,404.222,388.956,373.691,358.426,343.16,327.895,315.268,302.642,290.016,277.39,264.764,259.894,255.024,250.154,245.285,240.415,..,..
Gabon,GAB,"Mortality rate, adult, female (per 1,000 female adults)",SP.DYN.AMRT.FE,424.215,420.9,417.585,408.782,399.979,391.176,382.373,373.57,365.619,357.669,349.718,341.768,333.817,326.173,318.528,310.884,303.24,295.595,287.858,280.121,272.384,264.647,256.91,250.801,244.691,238.581,232.471,226.361,228.538,230.715,232.892,235.068,237.245,245.893,254.542,263.19,271.838,280.486,289.351,298.217,307.082,315.948,324.813,322.036,319.258,316.481,313.704,310.927,297.086,283.245,269.404,255.563,241.722,234.279,226.836,219.393,211.95,204.506,..,..
Gabon,GAB,"Mortality rate, adult, male (per 1,000 male adults)",SP.DYN.AMRT.MA,486.382,482.956,479.529,470.193,460.858,451.522,442.187,432.851,424.433,416.015,407.596,399.178,390.76,382.686,374.613,366.539,358.466,350.393,342.179,333.966,325.753,317.539,309.326,302.522,295.717,288.912,282.108,275.303,276.384,277.465,278.545,279.626,280.707,286.799,292.892,298.984,305.077,311.169,315.376,319.583,323.79,327.997,332.204,325.859,319.514,313.17,306.825,300.48,294.792,289.104,283.415,277.727,272.038,267.236,262.434,257.632,252.83,248.028,..,..
"Gambia, The",GMB,"Mortality rate, adult, female (per 1,000 female adults)",SP.DYN.AMRT.FE,514.094,510.903,507.712,503.211,498.711,494.21,489.709,485.209,473.63,462.052,450.473,438.895,427.317,416.873,406.429,395.985,385.541,375.097,365.878,356.66,347.442,338.224,329.006,322.24,315.474,308.709,301.943,295.178,294.307,293.437,292.566,291.695,290.825,288.788,286.751,284.714,282.677,280.64,278.789,276.938,275.087,273.236,271.385,268.231,265.076,261.922,258.767,255.613,253.09,250.568,248.045,245.523,243,240.079,237.157,234.236,231.314,228.393,..,..
"Gambia, The",GMB,"Mortality rate, adult, male (per 1,000 male adults)",SP.DYN.AMRT.MA,578.819,575.67,572.521,568.008,563.496,558.984,554.472,549.959,537.932,525.905,513.878,501.851,489.824,478.838,467.853,456.868,445.883,434.897,425.199,415.5,405.801,396.103,386.404,379.227,372.051,364.874,357.698,350.521,349.66,348.8,347.939,347.078,346.217,344.114,342.012,339.91,337.807,335.705,332.588,329.472,326.356,323.239,320.123,317.941,315.758,313.576,311.394,309.212,306.769,304.327,301.885,299.442,297,294.392,291.785,289.177,286.57,283.962,..,..
Ghana,GHA,"Mortality rate, adult, female (per 1,000 female adults)",SP.DYN.AMRT.FE,368.978,363.868,358.757,355.155,351.554,347.953,344.351,340.75,336.667,332.584,328.501,324.418,320.334,317.304,314.273,311.242,308.211,305.18,302.511,299.842,297.172,294.503,291.833,287.759,283.684,279.609,275.535,271.46,266.403,261.346,256.289,251.233,246.176,252.555,258.934,265.314,271.693,278.072,278.695,279.318,279.94,280.563,281.185,274.368,267.551,260.733,253.916,247.098,244.879,242.659,240.439,238.22,236,232.32,228.639,224.959,221.279,217.599,..,..
Ghana,GHA,"Mortality rate, adult, male (per 1,000 male adults)",SP.DYN.AMRT.MA,407.569,403.381,399.193,396.084,392.975,389.866,386.757,383.648,382.112,380.576,379.041,377.505,375.969,372.822,369.675,366.529,363.382,360.235,357.128,354.021,350.914,347.807,344.7,339.725,334.75,329.775,324.8,319.825,315.023,310.22,305.418,300.616,295.813,300.117,304.421,308.725,313.029,317.334,317.91,318.487,319.064,319.641,320.218,312.927,305.637,298.347,291.057,283.767,281.813,279.86,277.907,275.953,274,270.769,267.537,264.306,261.074,257.843,..,..
Guinea,GIN,"Mortality rate, adult, female (per 1,000 female adults)",SP.DYN.AMRT.FE,475.304,471.974,468.645,465.973,463.3,460.628,457.956,455.283,451.109,446.935,442.761,438.587,434.413,428.214,422.015,415.817,409.618,403.42,394.726,386.032,377.338,368.644,359.95,345.037,330.123,315.209,300.295,285.382,279.257,273.131,267.006,260.881,254.756,262.305,269.853,277.402,284.95,292.499,300.444,308.39,316.336,324.282,332.228,322.382,312.537,302.691,292.846,283,280.4,277.8,275.2,272.6,270,263.323,256.645,249.967,243.289,236.611,..,..
Guinea,GIN,"Mortality rate, adult, male (per 1,000 male adults)",SP.DYN.AMRT.MA,535.668,532.084,528.5,525.665,522.831,519.996,517.161,514.327,510.697,507.067,503.438,499.808,496.178,489.569,482.961,476.352,469.743,463.134,454.172,445.21,436.248,427.286,418.324,401.622,384.919,368.216,351.514,334.811,325.1,315.39,305.679,295.968,286.257,291,295.743,300.485,305.228,309.97,317.713,325.456,333.199,340.942,348.685,343.948,339.211,334.474,329.737,325,318.8,312.6,306.4,300.2,294,287.925,281.85,275.775,269.7,263.625,..,..
Guinea-Bissau,GNB,"Mortality rate, adult, female (per 1,000 female adults)",SP.DYN.AMRT.FE,439.917,435.596,431.275,425.816,420.358,414.899,409.44,403.981,398.485,392.988,387.491,381.994,376.497,371.767,367.038,362.308,357.578,352.848,346.482,340.115,333.749,327.383,321.016,316.655,312.293,307.931,303.57,299.208,294.661,290.113,285.565,281.018,276.47,276.721,276.971,277.222,277.472,277.723,281.695,285.667,289.638,293.61,297.582,292.85,288.119,283.387,278.655,273.923,270.179,266.434,262.69,258.945,255.201,251.634,248.067,244.5,240.933,237.366,..,..
Guinea-Bissau,GNB,"Mortality rate, adult, male (per 1,000 male adults)",SP.DYN.AMRT.MA,503.834,499.665,495.495,490.047,484.598,479.15,473.702,468.253,463.2,458.146,453.093,448.039,442.986,437.751,432.516,427.282,422.047,416.813,412.357,407.902,403.446,398.99,394.535,390.755,386.976,383.196,379.416,375.637,371.352,367.068,362.783,358.498,354.214,349.786,345.358,340.93,336.502,332.075,327.751,323.427,319.104,314.78,310.457,312.092,313.727,315.363,316.998,318.634,316.606,314.578,312.55,310.521,308.493,304.355,300.216,296.077,291.939,287.8,..,..
Kenya,KEN,"Mortality rate, adult, female (per 1,000 female adults)",SP.DYN.AMRT.FE,349.281,342.331,335.38,330.329,325.278,320.227,315.176,310.125,304.665,299.204,293.744,288.283,282.823,278.102,273.381,268.66,263.939,259.218,254.784,250.35,245.915,241.481,237.047,238.496,239.945,241.395,242.844,244.293,257.314,270.334,283.355,296.376,309.397,332.005,354.614,377.223,399.831,422.44,428.528,434.616,440.704,446.792,452.88,426.092,399.304,372.515,345.727,318.939,294.401,269.863,245.325,220.788,196.25,191.875,187.5,183.125,178.751,174.376,..,..
Kenya,KEN,"Mortality rate, adult, male (per 1,000 male adults)",SP.DYN.AMRT.MA,414.522,408.19,401.857,396.647,391.437,386.228,381.018,375.808,370.021,364.233,358.446,352.658,346.87,341.4,335.929,330.458,324.988,319.517,315.087,310.657,306.227,301.797,297.367,301.976,306.586,311.195,315.805,320.415,337.919,355.424,372.928,390.433,407.938,429.322,450.706,472.091,493.475,514.86,516.58,518.3,520.021,521.741,523.461,493.216,462.97,432.725,402.479,372.234,354.166,336.098,318.03,299.962,281.894,275.96,270.025,264.091,258.157,252.222,..,..
Lesotho,LSO,"Mortality rate, adult, female (per 1,000 female adults)",SP.DYN.AMRT.FE,376.664,370.751,364.839,363.328,361.817,360.306,358.795,357.284,354.959,352.635,350.31,347.985,345.661,340.792,335.924,331.055,326.187,321.318,314.857,308.396,301.935,295.474,289.013,284.62,280.227,275.835,271.442,267.049,264.608,262.167,259.727,257.286,254.845,289.954,325.062,360.171,395.279,430.388,469.528,508.668,547.808,586.948,626.088,611.736,597.383,583.031,568.679,554.327,538.937,523.547,508.157,492.767,477.378,473.733,470.088,466.443,462.799,459.154,..,..
Lesotho,LSO,"Mortality rate, adult, male (per 1,000 male adults)",SP.DYN.AMRT.MA,443.057,436.775,430.492,428.935,427.377,425.82,424.262,422.704,419.821,416.938,414.055,411.172,408.289,402.884,397.478,392.072,386.667,381.261,374.523,367.784,361.045,354.307,347.568,343.032,338.497,333.961,329.425,324.889,323.167,321.444,319.722,317.999,316.277,350.265,384.253,418.241,452.229,486.216,520.722,555.227,589.732,624.238,658.743,647.894,637.044,626.195,615.346,604.497,599.276,594.056,588.836,583.615,578.395,572.432,566.47,560.508,554.546,548.584,..,..
Liberia,LBR,"Mortality rate, adult, female (per 1,000 female adults)",SP.DYN.AMRT.FE,472.5,468.962,465.424,460.615,455.806,450.997,446.188,441.379,434.004,426.63,419.256,411.882,404.508,392.407,380.307,368.206,356.105,344.004,337.044,330.083,323.123,316.162,309.201,305.321,301.441,297.561,293.681,289.801,289.214,288.627,288.04,287.453,286.866,282.475,278.085,273.695,269.304,264.914,276.852,288.79,300.728,312.667,324.605,312.108,299.611,287.114,274.618,262.121,257.497,252.873,248.248,243.624,239,233.168,227.337,221.505,215.673,209.841,..,..
Liberia,LBR,"Mortality rate, adult, male (per 1,000 male adults)",SP.DYN.AMRT.MA,564.687,560.041,555.396,547.234,539.072,530.909,522.747,514.585,506.551,498.517,490.482,482.448,474.414,462.264,450.115,437.965,425.815,413.665,406.579,399.492,392.405,385.318,378.231,375.887,373.543,371.198,368.854,366.51,365.739,364.969,364.198,363.428,362.657,346.818,330.979,315.14,299.301,283.463,299.792,316.121,332.45,348.78,365.109,352.305,339.501,326.697,313.893,301.089,296.272,291.454,286.636,281.819,277.001,271.507,266.013,260.52,255.026,249.532,..,..
Madagascar,MDG,"Mortality rate, adult, female (per 1,000 female adults)",SP.DYN.AMRT.FE,435.136,430.165,425.193,420.466,415.74,411.014,406.287,401.561,396.676,391.791,386.906,382.02,377.135,370.671,364.206,357.742,351.278,344.813,342.678,340.542,338.406,336.271,334.135,333.58,333.025,332.47,331.916,331.361,325.078,318.795,312.512,306.229,299.946,295.619,291.293,286.966,282.64,278.313,272.887,267.462,262.036,256.61,251.184,247.778,244.371,240.964,237.558,234.151,228.875,223.599,218.323,213.047,207.771,202.961,198.15,193.34,188.53,183.719,..,..
Madagascar,MDG,"Mortality rate, adult, male (per 1,000 male adults)",SP.DYN.AMRT.MA,472.306,466.778,461.25,455.945,450.639,445.334,440.028,434.723,429.155,423.587,418.02,412.452,406.884,402.931,398.978,395.024,391.071,387.118,385.851,384.584,383.317,382.05,380.783,380.391,379.999,379.607,379.215,378.823,372.92,367.017,361.113,355.21,349.307,342.02,334.733,327.447,320.16,312.874,308.552,304.23,299.908,295.586,291.264,289.619,287.973,286.328,284.683,283.038,277.854,272.671,267.488,262.304,257.121,252.606,248.09,243.575,239.059,234.544,..,..
Malawi,MWI,"Mortality rate, adult, female (per 1,000 female adults)",SP.DYN.AMRT.FE,401.874,399.024,396.174,393.699,391.225,388.75,386.275,383.8,379.009,374.218,369.427,364.636,359.846,355.52,351.194,346.868,342.542,338.216,334.636,331.056,327.475,323.895,320.315,320.893,321.471,322.049,322.627,323.205,333.936,344.666,355.397,366.128,376.858,397.196,417.533,437.87,458.207,478.545,491.497,504.45,517.402,530.354,543.307,522.032,500.757,479.482,458.208,436.933,403.293,369.652,336.012,302.372,268.732,258.537,248.342,238.148,227.953,217.758,..,..
Malawi,MWI,"Mortality rate, adult, male (per 1,000 male adults)",SP.DYN.AMRT.MA,448.651,446.245,443.839,441.7,439.561,437.422,435.283,433.144,428.622,424.1,419.578,415.056,410.534,406.911,403.287,399.663,396.04,392.416,391.215,390.015,388.814,387.614,386.413,393.175,399.937,406.699,413.461,420.223,437.204,454.185,471.166,488.147,505.128,524.064,543,561.936,580.871,599.807,607.771,615.736,623.7,631.664,639.628,619.232,598.836,578.44,558.043,537.647,506.588,475.53,444.471,413.412,382.353,372.091,361.829,351.568,341.306,331.044,..,..
Mali,MLI,"Mortality rate, adult, female (per 1,000 female adults)",SP.DYN.AMRT.FE,551.865,548.86,545.855,538.384,530.912,523.44,515.969,508.497,498.877,489.256,479.636,470.015,460.395,450.405,440.414,430.424,420.433,410.443,400.591,390.739,380.887,371.035,361.183,355.502,349.821,344.14,338.459,332.778,329.723,326.668,323.613,320.558,317.503,320.327,323.152,325.976,328.801,331.625,327.3,322.975,318.65,314.325,310,304.4,298.8,293.2,287.6,282,280,278,276,274,272,267.352,262.705,258.057,253.409,248.762,..,..
Mali,MLI,"Mortality rate, adult, male (per 1,000 male adults)",SP.DYN.AMRT.MA,621.754,620.742,619.729,611.16,602.59,594.02,585.451,576.881,566.017,555.153,544.289,533.425,522.561,511.477,500.394,489.311,478.227,467.144,455.854,444.564,433.274,421.984,410.694,400.498,390.302,380.105,369.909,359.712,355.611,351.51,347.409,343.308,339.207,341.887,344.566,347.246,349.926,352.605,347.627,342.649,337.671,332.693,327.715,322.345,316.975,311.605,306.235,300.865,299.132,297.399,295.666,293.933,292.2,287.175,282.149,277.124,272.099,267.074,..,..
Mauritania,MRT,"Mortality rate, adult, female (per 1,000 female adults)",SP.DYN.AMRT.FE,384.462,375.369,366.276,359.134,351.992,344.85,337.708,330.566,324.644,318.721,312.799,306.877,300.955,294.97,288.985,283.001,277.016,271.032,265.763,260.495,255.227,249.958,244.69,241.539,238.388,235.237,232.086,228.935,226.5,224.064,221.629,219.193,216.758,215.206,213.655,212.103,210.552,209,207.6,206.2,204.8,203.4,202,200.4,198.8,197.2,195.6,194,192.4,190.8,189.2,187.6,186,184.361,182.722,181.083,179.444,177.804,..,..
Mauritania,MRT,"Mortality rate, adult, male (per 1,000 male adults)",SP.DYN.AMRT.MA,426.875,419.128,411.381,405.529,399.676,393.823,387.97,382.118,377.214,372.311,367.407,362.504,357.6,352.324,347.047,341.771,336.495,331.218,324.183,317.147,310.111,303.076,296.04,291.86,287.68,283.5,279.32,275.139,272.979,270.818,268.657,266.496,264.335,263.068,261.801,260.534,259.267,258,257,256,255,254,253,250.8,248.6,246.4,244.2,242,239.6,237.2,234.8,232.4,230,228.695,227.389,226.084,224.778,223.473,..,..
Mauritius,MUS,"Mortality rate, adult, female (per 1,000 female adults)",SP.DYN.AMRT.FE,259.167,246.266,233.364,228.267,223.17,218.072,212.975,207.878,201.881,195.884,189.886,183.889,177.892,174.635,171.379,168.122,164.865,161.609,157.128,152.647,148.166,143.685,139.204,137.011,134.819,132.626,130.433,128.24,128.609,128.977,129.345,129.713,130.081,127.368,124.654,121.94,119.227,116.513,115.727,114.941,114.155,113.369,112.583,110.82,109.057,107.294,105.531,103.768,102.372,100.975,99.578,98.182,96.785,96.315,95.844,95.373,94.903,94.432,..,..
Mauritius,MUS,"Mortality rate, adult, male (per 1,000 male adults)",SP.DYN.AMRT.MA,347.093,326.077,305.061,298.322,291.584,284.845,278.106,271.368,268.32,265.272,262.225,259.177,256.129,269.907,283.685,297.463,311.241,325.018,314.147,303.276,292.405,281.534,270.663,270.189,269.715,269.24,268.766,268.292,266.683,265.075,263.467,261.858,260.25,257.663,255.077,252.49,249.903,247.317,242.082,236.846,231.611,226.376,221.141,219.138,217.136,215.134,213.131,211.129,208.504,205.88,203.255,200.63,198.005,196.454,194.902,193.35,191.798,190.247,..,..
Mozambique,MOZ,"Mortality rate, adult, female (per 1,000 female adults)",SP.DYN.AMRT.FE,479.38,473.657,467.933,463.265,458.598,453.931,449.263,444.596,439.521,434.447,429.372,424.298,419.223,415.134,411.045,406.957,402.868,398.779,400.679,402.578,404.478,406.378,408.278,406.746,405.213,403.681,402.148,400.616,398.958,397.301,395.643,393.986,392.328,391.651,390.974,390.297,389.62,388.943,394.821,400.699,406.577,412.455,418.333,409.114,399.894,390.674,381.455,372.235,364.317,356.4,348.482,340.564,332.646,320.769,308.892,297.015,285.138,273.261,..,..
Mozambique,MOZ,"Mortality rate, adult, male (per 1,000 male adults)",SP.DYN.AMRT.MA,539.145,533.604,528.062,523.683,519.304,514.925,510.546,506.167,501.162,496.157,491.152,486.147,481.142,476.872,472.602,468.331,464.061,459.791,461.633,463.475,465.318,467.16,469.002,468.412,467.821,467.231,466.641,466.05,465.23,464.41,463.591,462.771,461.951,461.06,460.169,459.279,458.388,457.497,460.454,463.412,466.369,469.326,472.283,464.228,456.174,448.119,440.064,432.009,426.568,421.126,415.685,410.244,404.802,392.585,380.368,368.151,355.934,343.716,..,..
Namibia,NAM,"Mortality rate, adult, female (per 1,000 female adults)",SP.DYN.AMRT.FE,365.862,359.291,352.72,347.636,342.551,337.467,332.383,327.299,321.523,315.747,309.971,304.195,298.419,291.725,285.032,278.338,271.645,264.951,260.979,257.006,253.033,249.061,245.088,240.295,235.501,230.708,225.914,221.121,221.736,222.352,222.968,223.584,224.2,245.548,266.896,288.244,309.593,330.941,358.012,385.084,412.155,439.227,466.299,469.05,471.801,474.552,477.303,480.054,446.664,413.275,379.886,346.496,313.107,298.88,284.653,270.425,256.198,241.971,..,..
Namibia,NAM,"Mortality rate, adult, male (per 1,000 male adults)",SP.DYN.AMRT.MA,442.449,435.048,427.648,421.261,414.874,408.487,402.1,395.713,393.305,390.896,388.487,386.079,383.67,376.755,369.84,362.925,356.01,349.095,345.672,342.249,338.826,335.402,331.979,325.788,319.597,313.407,307.216,301.025,303.513,306.002,308.49,310.978,313.466,333.881,354.296,374.711,395.127,415.542,437.02,458.499,479.978,501.457,522.935,522.403,521.871,521.339,520.807,520.275,495.203,470.132,445.061,419.99,394.919,383.453,371.987,360.521,349.055,337.589,..,..
Niger,NER,"Mortality rate, adult, female (per 1,000 female adults)",SP.DYN.AMRT.FE,482.707,480.579,478.452,476.679,474.906,473.134,471.361,469.589,465.451,461.314,457.176,453.039,448.901,441.946,434.99,428.035,421.079,414.124,404.487,394.85,385.213,375.576,365.938,354.652,343.365,332.078,320.791,309.504,304.149,298.795,293.441,288.086,282.732,282.36,281.989,281.617,281.246,280.874,280.077,279.28,278.483,277.686,276.889,273.934,270.978,268.023,265.067,262.112,259.095,256.079,253.062,250.045,247.029,242.99,238.951,234.912,230.872,226.833,..,..
Niger,NER,"Mortality rate, adult, male (per 1,000 male adults)",SP.DYN.AMRT.MA,525.697,523.658,521.62,518.95,516.281,513.612,510.943,508.274,505.328,502.383,499.438,496.493,493.548,486.573,479.598,472.623,465.648,458.674,447.984,437.294,426.604,415.915,405.225,393.311,381.398,369.484,357.571,345.657,339.944,334.23,328.516,322.802,317.088,315.58,314.072,312.563,311.055,309.547,308.086,306.626,305.165,303.705,302.244,299.912,297.58,295.248,292.916,290.584,287.543,284.503,281.462,278.422,275.382,271.341,267.301,263.26,259.22,255.179,..,..
Nigeria,NGA,"Mortality rate, adult, female (per 1,000 female adults)",SP.DYN.AMRT.FE,453.777,448.541,443.306,439.258,435.21,431.162,427.114,423.066,418.605,414.143,409.681,405.22,400.758,395.959,391.159,386.36,381.56,376.761,373.172,369.583,365.994,362.405,358.816,358.977,359.137,359.298,359.459,359.62,359.761,359.901,360.042,360.183,360.324,363.801,367.277,370.754,374.231,377.707,380.914,384.12,387.326,390.532,393.739,389.439,385.14,380.84,376.541,372.241,368.101,363.961,359.82,355.68,351.54,346.913,342.287,337.66,333.034,328.407,..,..
Nigeria,NGA,"Mortality rate, adult, male (per 1,000 male adults)",SP.DYN.AMRT.MA,515.966,510.258,504.55,500.151,495.753,491.354,486.955,482.556,477.727,472.898,468.068,463.239,458.41,453.235,448.06,442.886,437.711,432.536,428.649,424.761,420.874,416.986,413.098,413.224,413.35,413.476,413.603,413.729,413.91,414.091,414.272,414.453,414.634,415.576,416.518,417.459,418.401,419.343,421.366,423.389,425.412,427.435,429.458,424.145,418.833,413.52,408.207,402.894,399.442,395.99,392.538,389.086,385.634,382.012,378.39,374.769,371.147,367.525,..,..
Rwanda,RWA,"Mortality rate, adult, female (per 1,000 female adults)",SP.DYN.AMRT.FE,397.183,393.946,390.709,388.333,385.958,383.582,381.207,378.832,377.785,376.739,375.693,374.647,373.601,371.364,369.126,366.889,364.652,362.415,354.913,347.412,339.911,332.41,324.908,330.242,335.575,340.908,346.242,351.575,404.137,456.698,509.26,561.821,614.383,583.059,551.736,520.413,489.09,457.767,448.693,439.619,430.545,421.47,412.396,382.677,352.959,323.24,293.521,263.802,249.843,235.885,221.926,207.968,194.009,188.159,182.308,176.457,170.607,164.756,..,..
Rwanda,RWA,"Mortality rate, adult, male (per 1,000 male adults)",SP.DYN.AMRT.MA,458.097,454.692,451.287,448.851,446.414,443.977,441.541,439.104,437.968,436.831,435.695,434.559,433.423,430.655,427.887,425.119,422.351,419.583,411.73,403.878,396.026,388.174,380.321,385.607,390.893,396.178,401.464,406.75,463.192,519.634,576.076,632.518,688.96,647.936,606.913,565.89,524.866,483.843,473.927,464.011,454.094,444.178,434.262,408.773,383.284,357.795,332.306,306.817,294.993,283.168,271.344,259.52,247.695,242.027,236.359,230.691,225.023,219.354,..,..
Sao Tome and Principe,STP,"Mortality rate, adult, female (per 1,000 female adults)",SP.DYN.AMRT.FE,316.079,310.541,305.004,300.316,295.628,290.941,286.253,281.565,276.749,271.933,267.117,262.301,257.485,251.948,246.41,240.873,235.336,229.799,228.006,226.213,224.42,222.627,220.834,219.338,217.842,216.347,214.851,213.355,211.866,210.377,208.887,207.398,205.908,204.448,202.988,201.528,200.067,198.607,197.195,195.783,194.37,192.958,191.546,188.34,185.135,181.929,178.724,175.518,174.007,172.496,170.985,169.474,167.963,166.525,165.087,163.648,162.21,160.771,..,..
Sao Tome and Principe,STP,"Mortality rate, adult, male (per 1,000 male adults)",SP.DYN.AMRT.MA,369.987,364.265,358.543,353.566,348.589,343.612,338.634,333.657,327.221,320.785,314.348,307.912,301.476,295.973,290.47,284.967,279.465,273.962,274.307,274.651,274.996,275.341,275.686,274.011,272.337,270.662,268.987,267.313,265.672,264.032,262.392,260.752,259.111,257.531,255.95,254.369,252.789,251.208,249.649,248.09,246.53,244.971,243.412,240.309,237.207,234.105,231.002,227.9,226.93,225.959,224.989,224.019,223.048,221.873,220.699,219.524,218.349,217.175,..,..
Senegal,SEN,"Mortality rate, adult, female (per 1,000 female adults)",SP.DYN.AMRT.FE,444.358,440.715,437.072,436.461,435.85,435.239,434.628,434.017,427.243,420.469,413.695,406.921,400.147,387.04,373.933,360.825,347.718,334.611,323.945,313.278,302.612,291.945,281.278,271.024,260.77,250.515,240.261,230.006,227.22,224.434,221.648,218.862,216.076,217.46,218.844,220.228,221.612,222.996,222.451,221.907,221.363,220.818,220.274,216.819,213.365,209.91,206.456,203.001,196.001,189.001,182,175,168,163.875,159.749,155.623,151.498,147.372,..,..
Senegal,SEN,"Mortality rate, adult, male (per 1,000 male adults)",SP.DYN.AMRT.MA,494.958,491.532,488.106,487.834,487.563,487.291,487.019,486.748,480.426,474.104,467.783,461.461,455.139,442.509,429.879,417.249,404.618,391.988,381.884,371.78,361.676,351.572,341.468,331.474,321.48,311.485,301.491,291.496,288.476,285.455,282.435,279.414,276.394,276.87,277.346,277.822,278.298,278.775,279.338,279.902,280.465,281.029,281.592,276.274,270.955,265.637,260.318,255,250.6,246.2,241.8,237.4,233,230.144,227.288,224.432,221.575,218.719,..,..
Seychelles,SYC,"Mortality rate, adult, female (per 1,000 female adults)",SP.DYN.AMRT.FE,175.741,174.376,173.01,170.063,167.117,164.17,161.224,158.277,154.984,151.691,148.398,145.105,141.812,139.319,136.827,134.334,131.842,129.349,128.711,128.073,127.435,126.797,126.159,126.124,126.088,126.053,126.018,125.983,123.178,120.373,117.568,114.763,111.959,110.995,110.032,109.069,108.106,107.143,107.102,107.061,107.02,106.979,106.938,106.252,105.567,104.881,104.195,103.51,103.091,102.672,102.253,101.834,101.415,100.81,100.206,99.601,98.997,98.392,..,..
Seychelles,SYC,"Mortality rate, adult, male (per 1,000 male adults)",SP.DYN.AMRT.MA,253.91,253.018,252.125,251.923,251.721,251.518,251.316,251.114,249.871,248.629,247.387,246.144,244.902,242.683,240.464,238.245,236.026,233.807,234.109,234.41,234.712,235.013,235.315,240.305,245.294,250.284,255.274,260.263,264.552,268.842,273.131,277.42,281.709,280.053,278.398,276.742,275.086,273.431,267.649,261.867,256.086,250.304,244.522,238.781,233.041,227.3,221.559,215.818,213.631,211.443,209.255,207.067,204.879,204.458,204.037,203.616,203.195,202.774,..,..
Sierra Leone,SLE,"Mortality rate, adult, female (per 1,000 female adults)",SP.DYN.AMRT.FE,531.887,529.709,527.532,524.129,520.726,517.323,513.92,510.517,507.4,504.282,501.164,498.047,494.929,487.895,480.861,473.827,466.793,459.759,459.57,459.381,459.191,459.002,458.812,466.147,473.482,480.816,488.151,495.486,503.803,512.121,520.438,528.756,537.073,538.41,539.747,541.084,542.421,543.758,533.122,522.485,511.849,501.212,490.575,480.462,470.348,460.234,450.121,440.007,433.448,426.889,420.331,413.772,407.213,402.458,397.702,392.946,388.19,383.435,..,..
Sierra Leone,SLE,"Mortality rate, adult, male (per 1,000 male adults)",SP.DYN.AMRT.MA,544.595,541.383,538.17,533.749,529.328,524.907,520.486,516.064,504.014,491.964,479.913,467.863,455.812,454.161,452.51,450.859,449.208,447.557,448.646,449.734,450.823,451.912,453,462.456,471.912,481.368,490.824,500.279,514.589,528.898,543.208,557.517,571.827,575.272,578.717,582.162,585.607,589.052,576.301,563.551,550.8,538.049,525.299,511.255,497.21,483.166,469.122,455.078,446.677,438.276,429.875,421.474,413.073,409.647,406.221,402.795,399.368,395.942,..,..
Somalia,SOM,"Mortality rate, adult, female (per 1,000 female adults)",SP.DYN.AMRT.FE,454.997,450.496,445.994,441.519,437.043,432.568,428.093,423.617,419.367,415.116,410.866,406.615,402.365,398.424,394.484,390.543,386.603,382.662,379.273,375.883,372.493,369.104,365.714,364.254,362.794,361.334,359.873,358.413,361.989,365.564,369.14,372.715,376.291,367.947,359.603,351.259,342.916,334.572,331.985,329.398,326.811,324.224,321.637,318.518,315.399,312.28,309.161,306.042,303.089,300.135,297.182,294.228,291.275,287.481,283.687,279.893,276.099,272.305,..,..
Somalia,SOM,"Mortality rate, adult, male (per 1,000 male adults)",SP.DYN.AMRT.MA,517.624,512.988,508.351,503.646,498.941,494.235,489.53,484.824,480.358,475.892,471.426,466.96,462.494,458.336,454.179,450.022,445.865,441.707,438.109,434.511,430.913,427.315,423.717,422.211,420.706,419.2,417.694,416.188,420.131,424.074,428.016,431.959,435.902,427.417,418.932,410.446,401.961,393.476,390.667,387.857,385.047,382.238,379.428,375.95,372.471,368.992,365.513,362.034,359.713,357.392,355.071,352.75,350.428,345.857,341.285,336.713,332.142,327.57,..,..
South Africa,ZAF,"Mortality rate, adult, female (per 1,000 female adults)",SP.DYN.AMRT.FE,313.308,309.773,306.237,302.52,298.803,295.086,291.368,287.651,285.831,284.011,282.191,280.372,278.552,278.552,278.552,278.552,278.552,278.552,278.552,278.552,278.552,278.552,278.552,270.352,262.153,253.954,245.755,237.556,234.15,230.745,227.339,223.934,220.528,234.565,248.601,262.637,276.674,290.71,318.746,346.783,374.819,402.855,430.891,438.722,446.554,454.385,462.216,470.048,443.013,415.978,388.943,361.908,334.873,319.592,304.312,289.031,273.751,258.471,..,..
South Africa,ZAF,"Mortality rate, adult, male (per 1,000 male adults)",SP.DYN.AMRT.MA,384.643,380.662,376.68,372.505,368.33,364.155,359.979,355.804,361.774,367.744,373.714,379.684,385.654,388.794,391.934,395.074,398.215,401.355,401.355,401.355,401.355,401.355,401.355,393.694,386.033,378.373,370.712,363.051,359.597,356.143,352.689,349.235,345.781,360.252,374.723,389.195,403.666,418.137,443.243,468.349,493.454,518.56,543.665,550.054,556.443,562.832,569.22,575.609,553.691,531.772,509.854,487.935,466.017,448.596,431.175,413.754,396.333,378.912,..,..
South Sudan,SSD,"Mortality rate, adult, female (per 1,000 female adults)",SP.DYN.AMRT.FE,518.208,513.085,507.962,502.912,497.861,492.81,487.759,482.708,478.454,474.199,469.945,465.691,461.437,456.836,452.236,447.636,443.035,438.435,436.902,435.369,433.836,432.303,430.769,425.633,420.496,415.359,410.222,405.086,398.49,391.894,385.298,378.702,372.106,369.35,366.594,363.838,361.082,358.326,359.455,360.584,361.713,362.842,363.971,363.58,363.19,362.799,362.409,362.019,355.453,348.888,342.323,335.758,329.193,324.157,319.122,314.086,309.051,304.015,..,..
South Sudan,SSD,"Mortality rate, adult, male (per 1,000 male adults)",SP.DYN.AMRT.MA,580.352,575.081,569.81,564.584,559.359,554.133,548.907,543.682,539.263,534.845,530.426,526.008,521.59,516.873,512.156,507.439,502.722,498.005,496.302,494.6,492.897,491.194,489.492,484.095,478.697,473.3,467.903,462.505,454.946,447.386,439.827,432.267,424.707,420.834,416.961,413.088,409.215,405.341,404.406,403.47,402.535,401.599,400.664,398.538,396.412,394.286,392.161,390.035,383.433,376.831,370.229,363.627,357.024,351.412,345.8,340.188,334.576,328.964,..,..
Sudan,SDN,"Mortality rate, adult, female (per 1,000 female adults)",SP.DYN.AMRT.FE,338.729,334.712,330.695,326.986,323.276,319.566,315.857,312.147,308.689,305.232,301.774,298.317,294.859,293.175,291.491,289.806,288.122,286.438,285.661,284.884,284.107,283.33,282.552,281.359,280.165,278.971,277.777,276.583,275.019,273.455,271.891,270.327,268.763,266.536,264.309,262.082,259.855,257.628,254.45,251.271,248.092,244.914,241.735,238.04,234.345,230.65,226.956,223.261,218.981,214.7,210.42,206.139,201.859,199.383,196.906,194.43,191.953,189.477,..,..
Sudan,SDN,"Mortality rate, adult, male (per 1,000 male adults)",SP.DYN.AMRT.MA,392.681,388.652,384.623,380.686,376.749,372.812,368.875,364.938,361.359,357.78,354.201,350.621,347.042,345.215,343.387,341.559,339.732,337.904,336.98,336.056,335.132,334.208,333.284,332.046,330.807,329.568,328.329,327.09,326.617,326.145,325.672,325.199,324.727,324.837,324.947,325.057,325.167,325.277,322.947,320.616,318.286,315.955,313.625,308.336,303.046,297.757,292.468,287.179,281.477,275.776,270.074,264.373,258.672,256.339,254.006,251.674,249.341,247.008,..,..
Tanzania,TZA,"Mortality rate, adult, female (per 1,000 female adults)",SP.DYN.AMRT.FE,381.329,378.597,375.864,372.732,369.601,366.469,363.337,360.205,356.71,353.214,349.718,346.223,342.727,338.553,334.378,330.204,326.029,321.855,320.856,319.857,318.858,317.86,316.861,317.898,318.935,319.972,321.009,322.046,330.509,338.971,347.434,355.896,364.358,373.713,383.068,392.423,401.777,411.132,411.679,412.226,412.773,413.32,413.867,398.814,383.761,368.708,353.655,338.602,320.53,302.457,284.385,266.312,248.24,235.879,223.518,211.158,198.797,186.436,..,..
Tanzania,TZA,"Mortality rate, adult, male (per 1,000 male adults)",SP.DYN.AMRT.MA,443.437,440.602,437.767,434.358,430.949,427.539,424.13,420.721,416.891,413.061,409.231,405.402,401.572,397.59,393.608,389.626,385.644,381.662,381.66,381.659,381.658,381.656,381.655,386.344,391.033,395.722,400.411,405.1,416.603,428.107,439.61,451.114,462.617,469.898,477.178,484.458,491.738,499.018,495.021,491.025,487.028,483.031,479.034,459.797,440.561,421.324,402.087,382.85,371.459,360.068,348.677,337.285,325.894,306.655,287.415,268.176,248.936,229.697,..,..
Togo,TGO,"Mortality rate, adult, female (per 1,000 female adults)",SP.DYN.AMRT.FE,414.024,405.565,397.106,389.165,381.224,373.283,365.342,357.401,349.792,342.183,334.574,326.966,319.357,312.629,305.901,299.173,292.446,285.718,279.535,273.352,267.169,260.987,254.804,251.97,249.135,246.301,243.467,240.633,244.707,248.78,252.854,256.927,261.001,271.081,281.162,291.243,301.324,311.404,312.416,313.428,314.44,315.453,316.465,315.464,314.463,313.462,312.461,311.461,302.372,293.284,284.195,275.107,266.019,262.484,258.949,255.415,251.88,248.346,..,..
Togo,TGO,"Mortality rate, adult, male (per 1,000 male adults)",SP.DYN.AMRT.MA,468.151,460.285,452.418,445.136,437.854,430.572,423.29,416.008,409.296,402.583,395.871,389.158,382.446,376.333,370.22,364.107,357.994,351.882,346.084,340.286,334.489,328.691,322.893,318.1,313.307,308.513,303.72,298.926,297.018,295.11,293.202,291.294,289.387,300.353,311.32,322.286,333.253,344.219,345.969,347.719,349.469,351.219,352.969,351.252,349.535,347.818,346.101,344.384,335.123,325.861,316.599,307.337,298.075,294.718,291.361,288.003,284.646,281.289,..,..
Uganda,UGA,"Mortality rate, adult, female (per 1,000 female adults)",SP.DYN.AMRT.FE,377.324,371.445,365.566,360.475,355.385,350.294,345.204,340.113,338.156,336.199,334.242,332.285,330.328,329.971,329.614,329.257,328.9,328.543,329.404,330.266,331.127,331.989,332.85,342.085,351.319,360.554,369.789,379.023,397.31,415.597,433.883,452.17,470.457,479.414,488.372,497.33,506.287,515.245,503.374,491.502,479.63,467.759,455.887,438.342,420.798,403.253,385.708,368.163,351.349,334.534,317.72,300.906,284.092,280.008,275.925,271.842,267.758,263.675,..,..
Uganda,UGA,"Mortality rate, adult, male (per 1,000 male adults)",SP.DYN.AMRT.MA,436.585,430.374,424.164,418.546,412.929,407.312,401.694,396.077,393.811,391.545,389.279,387.013,384.747,384.505,384.262,384.02,383.777,383.535,386.82,390.104,393.389,396.674,399.959,420.601,441.242,461.884,482.526,503.168,527.942,552.715,577.488,602.261,627.035,631.957,636.88,641.803,646.725,651.648,632.955,614.263,595.57,576.877,558.184,532.365,506.546,480.727,454.908,429.089,416.968,404.846,392.725,380.603,368.481,362.855,357.228,351.601,345.975,340.348,..,..
Zambia,ZMB,"Mortality rate, adult, female (per 1,000 female adults)",SP.DYN.AMRT.FE,367.315,363.386,359.456,356.092,352.727,349.363,345.998,342.634,338.148,333.662,329.175,324.689,320.203,317.802,315.401,313,310.599,308.198,313.363,318.528,323.693,328.858,334.023,351.246,368.469,385.692,402.916,420.139,439.483,458.828,478.172,497.517,516.862,528.051,539.24,550.429,561.618,572.807,570.094,567.382,564.67,561.957,559.245,534.979,510.713,486.447,462.181,437.915,406.909,375.903,344.897,313.89,282.884,273.693,264.503,255.312,246.121,236.931,..,..
Zambia,ZMB,"Mortality rate, adult, male (per 1,000 male adults)",SP.DYN.AMRT.MA,424.636,420.184,415.732,412.389,409.046,405.702,402.359,399.016,394.648,390.281,385.913,381.545,377.178,375.6,374.023,372.445,370.868,369.29,378.834,388.378,397.922,407.466,417.01,440.059,463.109,486.159,509.208,532.258,551.453,570.648,589.843,609.038,628.234,635.259,642.284,649.31,656.335,663.361,656.325,649.288,642.252,635.215,628.179,604.027,579.875,555.723,531.571,507.42,478.561,449.701,420.842,391.983,363.124,358.86,354.596,350.332,346.068,341.804,..,..
Zimbabwe,ZWE,"Mortality rate, adult, female (per 1,000 female adults)",SP.DYN.AMRT.FE,306.201,302.669,299.137,295.957,292.777,289.597,286.417,283.237,280.043,276.848,273.653,270.458,267.263,263.308,259.352,255.396,251.441,247.485,242.281,237.078,231.874,226.671,221.467,225.492,229.517,233.542,237.568,241.593,270.263,298.934,327.604,356.275,384.945,425.139,465.333,505.527,545.72,585.914,605.737,625.559,645.381,665.204,685.026,670.669,656.311,641.954,627.596,613.239,570.307,527.376,484.444,441.512,398.581,378.885,359.189,339.493,319.797,300.101,..,..
Zimbabwe,ZWE,"Mortality rate, adult, male (per 1,000 male adults)",SP.DYN.AMRT.MA,361.745,358.003,354.261,351.081,347.902,344.722,341.542,338.362,335.163,331.964,328.765,325.565,322.366,318.354,314.341,310.329,306.316,302.304,298.707,295.11,291.513,287.915,284.318,297.114,309.91,322.705,335.501,348.296,384.001,419.707,455.412,491.117,526.823,560.652,594.482,628.312,662.142,695.971,707.516,719.061,730.605,742.15,753.695,735.331,716.967,698.604,680.24,661.877,619.162,576.447,533.732,491.018,448.303,431.131,413.96,396.789,379.617,362.446,..,..
,,,,,,,,,,,,,,,,,,,,,,,,,,,,,,,,,,,,,,,,,,,,,,,,,,,,,,,,,,,,,,,
,,,,,,,,,,,,,,,,,,,,,,,,,,,,,,,,,,,,,,,,,,,,,,,,,,,,,,,,,,,,,,,
,,,,,,,,,,,,,,,,,,,,,,,,,,,,,,,,,,,,,,,,,,,,,,,,,,,,,,,,,,,,,,,
Data from database: World Development Indicators,,,,,,,,,,,,,,,,,,,,,,,,,,,,,,,,,,,,,,,,,,,,,,,,,,,,,,,,,,,,,,,
Last Updated: 03/18/2020,,,,,,,,,,,,,,,,,,,,,,,,,,,,,,,,,,,,,,,,,,,,,,,,,,,,,,,,,,,,,,,
